absence possibility,Social drinker,has pet,has child,Social smoker,Pet,ID,Month of absence,Day of the week,Seasons,Transportation expense,Distance from Residence to Work,Service time,Age,Distance from Residence to Work,Hit target,Disciplinary failure,Education,Child number,BMI
0.9,1,1,1,0,1,11,7,3,1,289,36,13,33,239554,97,0,1,2,30
0.7,1,0,1,0,0,36,7,3,1,118,13,18,50,239554,97,1,1,1,31
0.3,1,0,0,0,0,3,7,4,1,179,51,18,38,239554,97,0,1,0,31
0.8,1,0,1,1,0,7,7,5,1,279,5,14,39,239554,97,0,1,2,24
0.9,1,1,1,0,1,11,7,5,1,289,36,13,33,239554,97,0,1,2,30
0.3,1,0,0,0,0,3,7,6,1,179,51,18,38,239554,97,0,1,0,31
0.9,1,1,1,0,4,10,7,6,1,361,52,3,28,239554,97,0,1,1,27
0.7,1,0,1,0,0,20,7,6,1,260,50,11,36,239554,97,0,1,4,23
0.7,1,0,1,0,0,14,7,2,1,155,12,14,34,239554,97,0,1,2,25
0.6,0,1,1,0,1,1,7,2,1,235,11,14,37,239554,97,0,3,1,29
0.7,1,0,1,0,0,20,7,2,1,260,50,11,36,239554,97,0,1,4,23
0.7,1,0,1,0,0,20,7,3,1,260,50,11,36,239554,97,0,1,4,23
0.7,1,0,1,0,0,20,7,4,1,260,50,11,36,239554,97,0,1,4,23
0.3,1,0,0,0,0,3,7,4,1,179,51,18,38,239554,97,0,1,0,31
0.3,1,0,0,0,0,24,7,6,1,246,25,16,41,239554,97,0,1,0,23
0.3,1,0,0,0,0,3,7,2,1,179,51,18,38,239554,97,0,1,0,31
0.6,0,1,1,0,2,6,7,5,1,189,29,13,33,239554,97,0,1,2,25
0.6,0,1,1,0,1,33,8,4,1,248,25,14,47,205917,92,0,1,2,32
0,0,0,0,0,0,18,8,4,1,330,16,4,28,205917,92,0,2,0,25
0.3,1,0,0,0,0,3,8,2,1,179,51,18,38,205917,92,0,1,0,31
0.9,1,1,1,0,4,10,8,2,1,361,52,3,28,205917,92,0,1,1,27
0.7,1,0,1,0,0,20,8,6,1,260,50,11,36,205917,92,0,1,4,23
0.9,1,1,1,0,1,11,8,2,1,289,36,13,33,205917,92,0,1,2,30
0.9,1,1,1,0,4,10,8,2,1,361,52,3,28,205917,92,0,1,1,27
0.9,1,1,1,0,1,11,8,3,1,289,36,13,33,205917,92,0,1,2,30
0.4,1,0,0,1,0,30,8,4,1,157,27,6,29,205917,92,0,1,0,22
0.9,1,1,1,0,1,11,8,4,1,289,36,13,33,205917,92,0,1,2,30
0.3,1,0,0,0,0,3,8,6,1,179,51,18,38,205917,92,0,1,0,31
0.3,1,0,0,0,0,3,8,2,1,179,51,18,38,205917,92,0,1,0,31
0.7,0,1,1,1,5,2,8,5,1,235,29,12,48,205917,92,0,1,1,33
0.6,0,1,1,0,1,1,8,5,1,235,11,14,37,205917,92,0,3,1,29
0.7,0,1,1,1,5,2,8,2,1,235,29,12,48,205917,92,0,1,1,33
0.3,1,0,0,0,0,3,8,2,1,179,51,18,38,205917,92,0,1,0,31
0.9,1,1,1,0,4,10,8,2,1,361,52,3,28,205917,92,0,1,1,27
0.9,1,1,1,0,1,11,8,3,1,289,36,13,33,205917,92,0,1,2,30
0.3,1,0,0,0,0,19,8,5,1,291,50,12,32,205917,92,0,1,0,23
0.7,0,1,1,1,5,2,8,6,1,235,29,12,48,205917,92,0,1,1,33
0.7,1,0,1,0,0,20,8,6,1,260,50,11,36,205917,92,0,1,4,23
0,0,0,0,0,0,27,9,3,2,184,42,7,27,241476,92,0,1,0,21
0,0,0,0,0,0,34,9,2,2,118,10,10,37,241476,92,0,1,0,28
0.3,1,0,0,0,0,3,9,3,2,179,51,18,38,241476,92,0,1,0,31
0.7,1,0,1,0,0,5,9,3,2,235,20,13,43,241476,92,0,1,1,38
0.7,1,0,1,0,0,14,9,4,2,155,12,14,34,241476,92,0,1,2,25
0.9,1,1,1,0,1,15,9,5,2,291,31,12,40,241476,92,0,1,1,25
0.7,1,0,1,0,0,20,9,6,2,260,50,11,36,241476,92,0,1,4,23
0.9,1,1,1,0,1,15,9,2,2,291,31,12,40,241476,92,0,1,1,25
0.7,1,0,1,0,0,20,9,2,2,260,50,11,36,241476,92,1,1,4,23
0.6,0,1,1,0,2,29,9,2,2,225,26,9,28,241476,92,1,1,1,24
0.6,0,1,1,0,2,28,9,3,2,225,26,9,28,241476,92,0,1,1,24
0,0,0,0,0,0,34,9,3,2,118,10,10,37,241476,92,0,1,0,28
0.9,1,1,1,0,1,11,9,3,2,289,36,13,33,241476,92,1,1,2,30
0.7,1,0,1,0,0,36,9,3,2,118,13,18,50,241476,92,1,1,1,31
0.6,0,1,1,0,2,28,9,4,2,225,26,9,28,241476,92,0,1,1,24
0.3,1,0,0,0,0,3,9,4,2,179,51,18,38,241476,92,0,1,0,31
0.7,1,0,1,0,0,13,9,4,2,369,17,12,31,241476,92,1,1,3,25
0.6,0,1,1,0,1,33,9,6,2,248,25,14,47,241476,92,0,1,2,32
0.3,1,0,0,0,0,3,9,6,2,179,51,18,38,241476,92,0,1,0,31
0.7,1,0,1,0,0,20,9,6,2,260,50,11,36,241476,92,0,1,4,23
0.3,1,0,0,0,0,3,10,3,2,179,51,18,38,253465,93,0,1,0,31
0,0,0,0,0,0,34,10,3,2,118,10,10,37,253465,93,0,1,0,28
0.7,1,0,1,0,0,36,10,4,2,118,13,18,50,253465,93,1,1,1,31
0,0,0,0,0,0,22,10,5,2,179,26,9,30,253465,93,0,3,0,19
0.3,1,0,0,0,0,3,10,6,2,179,51,18,38,253465,93,0,1,0,31
0.6,0,1,1,0,2,28,10,6,2,225,26,9,28,253465,93,0,1,1,24
0.6,0,1,1,0,2,28,10,4,2,225,26,9,28,253465,93,0,1,1,24
0.6,0,1,1,0,1,33,10,4,2,248,25,14,47,253465,93,0,1,2,32
0.9,1,1,1,0,1,15,10,5,2,291,31,12,40,253465,93,0,1,1,25
0.3,1,0,0,0,0,3,10,4,2,179,51,18,38,253465,93,0,1,0,31
0.7,1,0,1,0,0,20,10,5,2,260,50,11,36,253465,93,0,1,4,23
0.9,1,1,1,0,1,15,10,3,2,291,31,12,40,253465,93,0,1,1,25
0.6,0,1,1,0,2,28,10,3,2,225,26,9,28,253465,93,0,1,1,24
0.9,1,1,1,0,1,11,10,4,2,289,36,13,33,253465,93,0,1,2,30
0.9,1,1,1,0,4,10,10,6,2,361,52,3,28,253465,93,0,1,1,27
0.7,1,0,1,0,0,20,10,6,2,260,50,11,36,253465,93,0,1,4,23
0.3,1,0,0,0,0,3,11,5,2,179,51,18,38,306345,93,0,1,0,31
0.6,0,1,1,0,2,28,11,4,2,225,26,9,28,306345,93,0,1,1,24
0.3,1,0,0,0,0,3,11,5,2,179,51,18,38,306345,93,0,1,0,31
0.5,0,0,1,1,0,17,11,5,2,179,22,17,40,306345,93,0,2,2,22
0.9,1,1,1,0,1,15,11,5,2,291,31,12,40,306345,93,0,1,1,25
0.7,1,0,1,0,0,14,11,2,2,155,12,14,34,306345,93,0,1,2,25
0.6,0,1,1,0,2,6,11,2,2,189,29,13,33,306345,93,0,1,2,25
0.9,1,1,1,0,1,15,11,2,2,291,31,12,40,306345,93,0,1,1,25
0.7,1,0,1,0,0,14,11,6,2,155,12,14,34,306345,93,0,1,2,25
0.5,0,0,1,1,0,17,11,4,2,179,22,17,40,306345,93,0,2,2,22
0.6,0,1,1,0,2,28,11,6,2,225,26,9,28,306345,93,0,1,1,24
0.7,1,0,1,0,0,20,11,6,2,260,50,11,36,306345,93,0,1,4,23
0.6,0,1,1,0,1,33,11,2,2,248,25,14,47,306345,93,0,1,2,32
0.6,0,1,1,0,2,28,11,3,2,225,26,9,28,306345,93,0,1,1,24
0.9,1,1,1,0,1,11,11,4,2,289,36,13,33,306345,93,0,1,2,30
0.6,0,1,1,0,1,33,12,3,3,248,25,14,47,261306,97,0,1,2,32
0,0,0,0,0,0,34,12,3,3,118,10,10,37,261306,97,0,1,0,28
0.7,1,0,1,0,0,36,12,4,3,118,13,18,50,261306,97,0,1,1,31
0.6,0,1,1,0,1,1,12,4,3,235,11,14,37,261306,97,0,3,1,29
0.6,0,1,1,0,2,28,12,5,3,225,26,9,28,261306,97,0,1,1,24
0.7,1,0,1,0,0,20,12,6,3,260,50,11,36,261306,97,0,1,4,23
0.9,1,1,1,0,4,10,12,4,3,361,52,3,28,261306,97,0,1,1,27
0.6,0,1,1,0,2,28,12,5,3,225,26,9,28,261306,97,0,1,1,24
0.7,1,0,1,0,0,20,12,6,3,260,50,11,36,261306,97,0,1,4,23
0.6,0,1,1,0,2,28,12,3,3,225,26,9,28,261306,97,0,1,1,24
0,0,0,0,0,0,34,12,6,3,118,10,10,37,261306,97,0,1,0,28
0.3,1,0,0,0,0,24,12,6,3,246,25,16,41,261306,97,0,1,0,23
0.6,0,1,1,0,2,28,12,6,3,225,26,9,28,261306,97,0,1,1,24
0.6,0,1,1,0,2,28,1,4,3,225,26,9,28,308593,95,0,1,1,24
0,0,0,0,0,0,34,1,2,3,118,10,10,37,308593,95,0,1,0,28
0,0,0,0,0,0,34,1,3,3,118,10,10,37,308593,95,0,1,0,28
0.7,1,0,1,0,0,14,1,3,3,155,12,14,34,308593,95,0,1,2,25
0.6,0,1,1,0,2,28,1,4,3,225,26,9,28,308593,95,0,1,1,24
0,0,0,0,0,0,27,1,5,3,184,42,7,27,308593,95,0,1,0,21
0.6,0,1,1,0,2,28,1,5,3,225,26,9,28,308593,95,0,1,1,24
0.6,0,1,1,0,2,28,1,6,3,225,26,9,28,308593,95,0,1,1,24
0,0,0,0,0,0,34,1,2,3,118,10,10,37,308593,95,0,1,0,28
0.6,0,1,1,0,2,28,1,3,3,225,26,9,28,308593,95,0,1,1,24
0,0,0,0,0,0,34,1,4,3,118,10,10,37,308593,95,0,1,0,28
0,0,0,0,0,0,34,1,5,3,118,10,10,37,308593,95,0,1,0,28
0,0,0,0,0,0,34,1,6,3,118,10,10,37,308593,95,0,1,0,28
0,0,0,0,0,0,22,1,3,3,179,26,9,30,308593,95,0,3,0,19
0.9,1,1,1,0,1,11,1,3,3,289,36,13,33,308593,95,0,1,2,30
0.6,0,1,1,0,2,28,1,3,3,225,26,9,28,308593,95,0,1,1,24
0.9,1,1,1,0,1,11,1,5,3,289,36,13,33,308593,95,0,1,2,30
0,0,0,0,0,0,27,2,6,3,184,42,7,27,302585,99,0,1,0,21
0.3,1,0,0,0,0,24,2,4,3,246,25,16,41,302585,99,0,1,0,23
0.3,1,0,0,0,0,3,2,4,3,179,51,18,38,302585,99,0,1,0,31
0.7,1,0,1,0,0,14,2,5,3,155,12,14,34,302585,99,0,1,2,25
0.6,0,1,1,0,2,6,2,5,3,189,29,13,33,302585,99,0,1,2,25
0.7,1,0,1,0,0,20,2,6,3,260,50,11,36,302585,99,0,1,4,23
0.9,1,1,1,0,1,11,2,6,3,289,36,13,33,302585,99,0,1,2,30
0,0,0,0,0,0,31,2,2,3,388,15,9,50,302585,99,0,1,0,24
0,0,0,0,0,0,31,2,3,3,388,15,9,50,302585,99,0,1,0,24
0.6,0,1,1,0,2,28,2,2,3,225,26,9,28,302585,99,0,1,1,24
0.6,0,1,1,0,2,28,2,3,3,225,26,9,28,302585,99,0,1,1,24
0,0,0,0,0,0,22,2,3,3,179,26,9,30,302585,99,0,3,0,19
0,0,0,0,0,0,27,2,3,3,184,42,7,27,302585,99,0,1,0,21
0.6,0,1,1,0,2,28,2,5,3,225,26,9,28,302585,99,0,1,1,24
0,0,0,0,0,0,18,2,2,3,330,16,4,28,302585,99,0,2,0,25
0,0,0,0,0,0,18,2,3,3,330,16,4,28,302585,99,0,2,0,25
0.6,0,1,1,0,2,28,2,4,3,225,26,9,28,302585,99,0,1,1,24
0.6,0,1,1,0,2,6,2,5,3,189,29,13,33,302585,99,0,1,2,25
0.3,1,0,0,0,0,19,3,3,4,291,50,12,32,343253,95,0,1,0,23
0.7,1,0,1,0,0,20,3,3,4,260,50,11,36,343253,95,0,1,4,23
0.4,1,0,0,1,0,30,3,3,4,157,27,6,29,343253,95,0,1,0,22
0.5,0,0,1,1,0,17,3,3,4,179,22,17,40,343253,95,0,2,2,22
0.9,1,1,1,0,1,15,3,4,4,291,31,12,40,343253,95,0,1,1,25
0.7,1,0,1,0,0,20,3,4,4,260,50,11,36,343253,95,0,1,4,23
0,0,0,0,0,0,22,3,5,4,179,26,9,30,343253,95,0,3,0,19
0.6,0,1,1,0,1,33,3,6,4,248,25,14,47,343253,95,0,1,2,32
0.7,1,0,1,0,0,20,3,6,4,260,50,11,36,343253,95,0,1,4,23
0.5,0,0,1,1,0,17,3,2,4,179,22,17,40,343253,95,0,2,2,22
0.7,1,0,1,0,0,14,3,2,4,155,12,14,34,343253,95,0,1,2,25
0.7,1,0,1,0,0,20,3,2,4,260,50,11,36,343253,95,0,1,4,23
0.7,1,0,1,0,0,14,3,3,4,155,12,14,34,343253,95,0,1,2,25
0.9,1,1,1,0,1,11,3,5,4,289,36,13,33,343253,95,0,1,2,30
0.5,0,0,1,1,0,17,3,5,4,179,22,17,40,343253,95,0,2,2,22
0.7,1,0,1,0,0,20,3,6,4,260,50,11,36,343253,95,0,1,4,23
0.6,0,1,1,0,2,28,3,6,4,225,26,9,28,343253,95,0,1,1,24
0.8,1,0,1,1,0,7,3,2,4,279,5,14,39,343253,95,0,1,2,24
0.3,1,0,0,0,0,3,3,3,4,179,51,18,38,343253,95,0,1,0,31
0.6,0,1,1,0,2,28,3,4,4,225,26,9,28,343253,95,0,1,1,24
0.6,0,1,1,0,2,28,3,2,4,225,26,9,28,343253,95,0,1,1,24
0,0,0,0,0,0,22,3,2,4,179,26,9,30,343253,95,0,3,0,19
0.6,0,1,1,0,2,28,3,3,4,225,26,9,28,343253,95,0,1,1,24
0.6,0,1,1,0,2,28,3,4,4,225,26,9,28,343253,95,0,1,1,24
0.3,1,0,0,0,0,3,3,4,4,179,51,18,38,343253,95,0,1,0,31
0.8,1,0,1,1,0,7,3,5,4,279,5,14,39,343253,95,0,1,2,24
0.6,0,1,1,0,2,28,3,6,4,225,26,9,28,343253,95,0,1,1,24
0.6,0,1,1,0,2,28,3,2,4,225,26,9,28,343253,95,0,1,1,24
0.9,1,1,1,0,1,15,4,4,4,291,31,12,40,326452,96,0,1,1,25
0.6,0,1,1,0,2,28,4,4,4,225,26,9,28,326452,96,0,1,1,24
0.7,1,0,1,0,0,14,4,3,4,155,12,14,34,326452,96,0,1,2,25
0.3,1,0,0,0,0,24,4,4,4,246,25,16,41,326452,96,0,1,0,23
0.7,1,0,1,0,0,14,4,5,4,155,12,14,34,326452,96,0,1,2,25
0.6,0,1,1,0,2,28,4,6,4,225,26,9,28,326452,96,0,1,1,24
0.7,1,0,1,0,0,20,4,6,4,260,50,11,36,326452,96,0,1,4,23
0.3,1,0,0,0,0,3,4,4,4,179,51,18,38,326452,96,0,1,0,31
0.7,1,0,1,0,0,36,4,5,4,118,13,18,50,326452,96,0,1,1,31
0.9,1,1,1,0,1,15,4,6,4,291,31,12,40,326452,96,0,1,1,25
0.3,1,0,0,0,0,24,4,6,4,246,25,16,41,326452,96,0,1,0,23
0.9,1,1,1,0,1,15,4,6,4,291,31,12,40,326452,96,0,1,1,25
0.6,0,1,1,0,1,33,4,6,4,248,25,14,47,326452,96,0,1,2,32
0.7,1,0,1,0,0,20,4,6,4,260,50,11,36,326452,96,0,1,4,23
0.9,1,1,1,0,1,11,4,3,4,289,36,13,33,326452,96,0,1,2,30
0.7,1,0,1,0,0,14,4,4,4,155,12,14,34,326452,96,0,1,2,25
0.7,0,1,1,1,4,23,4,4,4,378,49,11,36,326452,96,0,1,2,21
0.9,1,1,1,0,1,11,4,5,4,289,36,13,33,326452,96,0,1,2,30
0.6,0,1,1,0,1,1,4,6,4,235,11,14,37,326452,96,0,3,1,29
0.7,0,1,1,1,5,2,4,2,4,235,29,12,48,326452,96,1,1,1,33
0.9,1,1,1,0,1,11,5,4,4,289,36,13,33,378884,92,0,1,2,30
0.7,1,0,1,0,0,14,5,5,4,155,12,14,34,378884,92,0,1,2,25
0.7,1,0,1,0,0,14,5,2,4,155,12,14,34,378884,92,0,1,2,25
0.3,1,0,0,0,0,3,5,3,4,179,51,18,38,378884,92,0,1,0,31
0.6,0,1,1,0,2,28,5,3,4,225,26,9,28,378884,92,0,1,1,24
0,0,0,0,0,0,27,5,4,4,184,42,7,27,378884,92,0,1,0,21
0.3,1,0,0,0,0,3,5,3,4,179,51,18,38,378884,92,0,1,0,31
0.8,1,0,1,1,0,7,5,4,4,279,5,14,39,378884,92,1,1,2,24
0,0,0,0,0,0,18,5,4,4,330,16,4,28,378884,92,1,2,0,25
0.7,0,1,1,1,4,23,5,4,4,378,49,11,36,378884,92,1,1,2,21
0,0,0,0,0,0,31,5,4,4,388,15,9,50,378884,92,1,1,0,24
0.3,1,0,0,0,0,3,5,3,4,179,51,18,38,378884,92,0,1,0,31
0.7,1,0,1,0,0,36,5,4,4,118,13,18,50,378884,92,0,1,1,31
0.9,1,1,1,0,4,10,5,6,4,361,52,3,28,378884,92,0,1,1,27
0.3,1,0,0,0,0,24,6,2,1,246,25,16,41,377550,94,0,1,0,23
0.9,1,1,1,0,4,10,6,2,1,361,52,3,28,377550,94,0,1,1,27
0.3,1,0,0,0,0,24,6,3,1,246,25,16,41,377550,94,0,1,0,23
0.9,1,1,1,0,1,15,6,5,1,291,31,12,40,377550,94,0,1,1,25
0.3,1,0,0,0,0,24,6,6,1,246,25,16,41,377550,94,0,1,0,23
0.3,1,0,0,0,0,3,6,2,1,179,51,18,38,377550,94,0,1,0,31
0.7,1,0,1,0,0,14,6,2,1,155,12,14,34,377550,94,0,1,2,25
0.3,1,0,0,0,0,24,6,2,1,246,25,16,41,377550,94,0,1,0,23
0.7,1,0,1,0,0,36,6,4,1,118,13,18,50,377550,94,0,1,1,31
0.6,0,1,1,0,1,1,6,6,1,235,11,14,37,377550,94,0,3,1,29
0.7,1,0,1,0,0,36,6,3,1,118,13,18,50,377550,94,0,1,1,31
0.7,0,1,1,1,4,23,6,5,1,378,49,11,36,377550,94,0,1,2,21
0.3,1,0,0,0,0,3,6,6,1,179,51,18,38,377550,94,0,1,0,31
0.2,0,1,0,0,2,32,6,2,1,289,48,29,49,377550,94,0,1,0,36
0.6,0,1,1,0,2,28,6,5,1,225,26,9,28,377550,94,0,1,1,24
0.7,1,0,1,0,0,14,7,3,1,155,12,14,34,275312,98,0,1,2,25
0.7,1,0,1,0,0,36,7,4,1,118,13,18,50,275312,98,0,1,1,31
0,0,0,0,0,0,34,7,6,1,118,10,10,37,275312,98,0,1,0,28
0,0,0,0,0,0,34,7,6,1,118,10,10,37,275312,98,0,1,0,28
0,0,0,0,0,0,18,7,3,1,330,16,4,28,275312,98,0,2,0,25
0,0,0,0,0,0,22,7,5,1,179,26,9,30,275312,98,0,3,0,19
0.7,1,0,1,0,0,14,7,6,1,155,12,14,34,275312,98,0,1,2,25
0,0,0,0,0,0,18,7,2,1,330,16,4,28,275312,98,0,2,0,25
0,0,0,0,0,0,18,7,3,1,330,16,4,28,275312,98,0,2,0,25
0.4,1,0,0,1,0,30,7,2,1,157,27,6,29,275312,98,0,1,0,22
0.9,1,1,1,0,4,10,7,3,1,361,52,3,28,275312,98,0,1,1,27
0.9,1,1,1,0,1,11,7,4,1,289,36,13,33,275312,98,0,1,2,30
0.3,1,0,0,0,0,3,7,5,1,179,51,18,38,275312,98,0,1,0,31
0.9,1,1,1,0,1,11,7,2,1,289,36,13,33,275312,98,0,1,2,30
0.9,1,1,1,0,1,11,7,5,1,289,36,13,33,275312,98,0,1,2,30
0.7,1,0,1,0,0,20,7,5,1,260,50,11,36,275312,98,1,1,4,23
0.9,1,1,1,0,1,11,8,6,1,289,36,13,33,265615,94,0,1,2,30
0.4,1,0,0,1,0,30,8,6,1,157,27,6,29,265615,94,0,1,0,22
0.9,1,1,1,0,1,11,8,2,1,289,36,13,33,265615,94,0,1,2,30
0.6,0,1,1,0,1,9,8,3,1,228,14,16,58,265615,94,0,1,2,22
1,1,1,1,1,1,26,8,5,1,300,26,13,43,265615,94,0,1,2,25
1,1,1,1,1,1,26,8,5,1,300,26,13,43,265615,94,0,1,2,25
0.7,1,0,1,0,0,20,8,6,1,260,50,11,36,265615,94,0,1,4,23
0.9,1,1,1,0,1,11,8,3,1,289,36,13,33,265615,94,0,1,2,30
0.6,0,1,1,0,1,33,8,4,1,248,25,14,47,265615,94,0,1,2,32
0,0,0,0,0,0,21,8,5,1,268,11,8,33,265615,94,0,2,0,25
0,0,0,0,0,0,22,8,5,1,179,26,9,30,265615,94,0,3,0,19
0.7,1,0,1,0,0,36,8,5,1,118,13,18,50,265615,94,0,1,1,31
0.6,0,1,1,0,1,33,8,2,1,248,25,14,47,265615,94,0,1,2,32
0.6,0,1,1,0,1,1,8,3,1,235,11,14,37,265615,94,0,3,1,29
0.7,1,0,1,0,0,36,8,5,1,118,13,18,50,265615,94,0,1,1,31
0.6,0,1,1,0,1,1,8,5,1,235,11,14,37,265615,94,0,3,1,29
0.9,1,1,1,0,4,10,8,3,1,361,52,3,28,265615,94,0,1,1,27
0,0,0,0,0,0,27,8,4,1,184,42,7,27,265615,94,0,1,0,21
0.3,1,0,0,0,0,3,9,2,2,179,51,18,38,294217,81,0,1,0,31
0.3,1,0,0,0,0,3,9,6,2,179,51,18,38,294217,81,0,1,0,31
0.9,1,1,1,0,1,11,9,4,2,289,36,13,33,294217,81,0,1,2,30
0.7,1,0,1,0,0,5,9,5,2,235,20,13,43,294217,81,1,1,1,38
0.3,1,0,0,0,0,24,9,2,2,246,25,16,41,294217,81,0,1,0,23
0.9,1,1,1,0,1,15,9,3,2,291,31,12,40,294217,81,0,1,1,25
0.9,1,1,1,0,2,8,9,3,2,231,35,14,39,294217,81,1,1,2,35
0.3,1,0,0,0,0,19,9,3,2,291,50,12,32,294217,81,1,1,0,23
0.3,1,0,0,0,0,3,9,4,2,179,51,18,38,294217,81,0,1,0,31
0.3,1,0,0,0,0,24,9,4,2,246,25,16,41,294217,81,0,1,0,23
0.3,1,0,0,0,0,3,9,5,2,179,51,18,38,294217,81,0,1,0,31
0.9,1,1,1,0,1,15,9,6,2,291,31,12,40,294217,81,0,1,1,25
0.7,1,0,1,0,0,20,9,6,2,260,50,11,36,294217,81,0,1,4,23
0.7,1,0,1,0,0,5,9,4,2,235,20,13,43,294217,81,0,1,1,38
0.7,1,0,1,0,0,36,9,5,2,118,13,18,50,294217,81,0,1,1,31
0.9,1,1,1,0,1,15,9,2,2,291,31,12,40,294217,81,0,1,1,25
0.3,1,0,0,0,0,3,9,2,2,179,51,18,38,294217,81,0,1,0,31
0.9,1,1,1,0,1,11,10,2,2,289,36,13,33,265017,88,0,1,2,30
0.6,0,1,1,0,1,1,10,2,2,235,11,14,37,265017,88,0,3,1,29
0.9,1,1,1,0,1,11,10,2,2,289,36,13,33,265017,88,0,1,2,30
0.9,1,1,1,0,1,11,10,6,2,289,36,13,33,265017,88,0,1,2,30
0.7,1,0,1,0,0,36,10,6,2,118,13,18,50,265017,88,1,1,1,31
0.6,0,1,1,0,1,33,10,6,2,248,25,14,47,265017,88,1,1,2,32
0,0,0,0,0,0,22,10,2,2,179,26,9,30,265017,88,0,3,0,19
0,0,0,0,0,0,34,10,2,2,118,10,10,37,265017,88,0,1,0,28
0.7,1,0,1,0,0,13,10,2,2,369,17,12,31,265017,88,0,1,3,25
0.3,1,0,0,0,0,3,10,4,2,179,51,18,38,265017,88,0,1,0,31
0,0,0,0,0,0,22,10,4,2,179,26,9,30,265017,88,0,3,0,19
0.7,1,0,1,0,0,5,10,4,2,235,20,13,43,265017,88,1,1,1,38
0.9,1,1,1,0,1,11,10,5,2,289,36,13,33,265017,88,0,1,2,30
0.7,1,0,1,0,0,20,10,6,2,260,50,11,36,265017,88,0,1,4,23
0.7,1,0,1,0,0,5,10,6,2,235,20,13,43,265017,88,1,1,1,38
0.7,1,0,1,0,0,5,10,2,2,235,20,13,43,265017,88,0,1,1,38
0.7,1,0,1,0,0,36,10,3,2,118,13,18,50,265017,88,0,1,1,31
0.9,1,1,1,0,1,15,10,3,2,291,31,12,40,265017,88,0,1,1,25
0,0,0,0,0,0,22,10,5,2,179,26,9,30,265017,88,0,3,0,19
0.7,1,0,1,0,0,36,10,5,2,118,13,18,50,265017,88,0,1,1,31
0.9,1,1,1,0,4,10,10,2,2,361,52,3,28,265017,88,0,1,1,27
0.7,1,0,1,0,0,20,10,3,2,260,50,11,36,265017,88,1,1,4,23
0.9,1,1,1,0,1,15,10,3,2,291,31,12,40,265017,88,1,1,1,25
0.4,1,0,0,1,0,30,10,3,2,157,27,6,29,265017,88,1,1,0,22
0,0,0,0,0,0,22,10,4,2,179,26,9,30,265017,88,0,3,0,19
0.7,1,0,1,0,0,36,10,5,2,118,13,18,50,265017,88,0,1,1,31
0,0,0,0,0,0,34,11,2,2,118,10,10,37,284031,97,0,1,0,28
0.6,0,1,1,0,1,33,11,2,2,248,25,14,47,284031,97,0,1,2,32
0.3,1,0,0,0,0,3,11,3,2,179,51,18,38,284031,97,0,1,0,31
0.7,1,0,1,0,0,20,11,6,2,260,50,11,36,284031,97,0,1,4,23
0.9,1,1,1,0,1,15,11,2,2,291,31,12,40,284031,97,0,1,1,25
0.7,0,1,1,1,4,23,11,2,2,378,49,11,36,284031,97,0,1,2,21
0.7,1,0,1,0,0,14,11,2,2,155,12,14,34,284031,97,0,1,2,25
0.7,1,0,1,0,0,5,11,2,2,235,20,13,43,284031,97,0,1,1,38
0,0,0,0,0,0,18,11,3,2,330,16,4,28,284031,97,1,2,0,25
0.6,0,1,1,0,1,1,11,4,2,235,11,14,37,284031,97,0,3,1,29
0,0,0,0,0,0,34,11,4,2,118,10,10,37,284031,97,0,1,0,28
0.6,0,1,1,0,1,1,11,5,2,235,11,14,37,284031,97,0,3,1,29
0.3,1,0,0,0,0,3,11,5,2,179,51,18,38,284031,97,0,1,0,31
0.3,1,0,0,0,0,24,11,6,2,246,25,16,41,284031,97,0,1,0,23
0.9,1,1,1,0,1,15,11,6,2,291,31,12,40,284031,97,0,1,1,25
0.3,1,0,0,0,0,24,11,2,2,246,25,16,41,284031,97,0,1,0,23
0.3,1,0,0,0,0,3,11,3,2,179,51,18,38,284031,97,0,1,0,31
0.7,1,0,1,0,0,20,11,4,2,260,50,11,36,284031,97,0,1,4,23
0.7,1,0,1,0,0,20,11,6,2,260,50,11,36,284031,97,0,1,4,23
0.7,0,1,1,1,4,23,11,6,2,378,49,11,36,284031,97,1,1,2,21
0.8,1,0,1,1,0,7,11,3,2,279,5,14,39,284031,97,1,1,2,24
0.3,1,0,0,0,0,3,11,5,2,179,51,18,38,284031,97,0,1,0,31
0.6,0,1,1,0,2,28,12,2,3,225,26,9,28,236629,93,0,1,1,24
0.3,1,0,0,0,0,3,12,2,3,179,51,18,38,236629,93,0,1,0,31
0.6,0,1,1,0,1,1,12,2,3,235,11,14,37,236629,93,0,3,1,29
0.7,1,0,1,0,0,36,12,3,3,118,13,18,50,236629,93,0,1,1,31
0.7,1,0,1,0,0,20,12,6,3,260,50,11,36,236629,93,0,1,4,23
0.3,1,0,0,0,0,24,12,5,3,246,25,16,41,236629,93,0,1,0,23
0.3,1,0,0,0,0,3,12,5,3,179,51,18,38,236629,93,0,1,0,31
0.3,1,0,0,0,0,3,12,6,3,179,51,18,38,236629,93,0,1,0,31
0,0,0,0,0,0,22,12,3,3,179,26,9,30,236629,93,0,3,0,19
0,0,0,0,0,0,34,12,3,3,118,10,10,37,236629,93,0,1,0,28
0.6,0,1,1,0,1,1,12,5,3,235,11,14,37,236629,93,0,3,1,29
0.7,1,0,1,0,0,5,12,3,3,235,20,13,43,236629,93,0,1,1,38
0.6,0,1,1,0,1,1,12,3,3,235,11,14,37,236629,93,0,3,1,29
0.7,1,0,1,0,0,20,12,4,3,260,50,11,36,236629,93,0,1,4,23
0.4,1,0,0,1,0,30,12,2,3,157,27,6,29,236629,93,0,1,0,22
0.9,1,1,1,0,1,11,12,2,3,289,36,13,33,236629,93,0,1,2,30
0.6,0,1,1,0,2,28,1,4,3,225,26,9,28,330061,100,0,1,1,24
0,0,0,0,0,0,34,1,2,3,118,10,10,37,330061,100,0,1,0,28
0.7,1,0,1,0,0,14,1,2,3,155,12,14,34,330061,100,0,1,2,25
0.6,0,1,1,0,1,1,1,3,3,235,11,14,37,330061,100,0,3,1,29
0.7,1,0,1,0,0,14,1,3,3,155,12,14,34,330061,100,0,1,2,25
0.9,1,1,1,0,1,11,1,2,3,289,36,13,33,330061,100,0,1,2,30
0.9,1,1,1,0,1,15,1,4,3,291,31,12,40,330061,100,0,1,1,25
0.7,1,0,1,0,0,5,1,2,3,235,20,13,43,330061,100,0,1,1,38
0.7,1,0,1,0,0,36,1,2,3,118,13,18,50,330061,100,0,1,1,31
0.3,1,0,0,0,0,3,1,4,3,179,51,18,38,330061,100,0,1,0,31
0.3,1,0,0,0,0,3,1,6,3,179,51,18,38,330061,100,0,1,0,31
0,0,0,0,0,0,34,2,3,3,118,10,10,37,251818,96,0,1,0,28
0.3,1,0,0,0,0,3,2,4,3,179,51,18,38,251818,96,0,1,0,31
0.6,0,1,1,0,2,28,2,4,3,225,26,9,28,251818,96,0,1,1,24
0.9,1,1,1,0,1,11,2,6,3,289,36,13,33,251818,96,0,1,2,30
0.7,1,0,1,0,0,20,2,6,3,260,50,11,36,251818,96,0,1,4,23
0.3,1,0,0,0,0,3,2,6,3,179,51,18,38,251818,96,0,1,0,31
0.3,1,0,0,0,0,3,2,2,3,179,51,18,38,251818,96,0,1,0,31
0.3,1,0,0,0,0,3,2,5,3,179,51,18,38,251818,96,0,1,0,31
0.3,1,0,0,0,0,24,2,5,3,246,25,16,41,251818,96,0,1,0,23
0.3,1,0,0,0,0,3,2,6,3,179,51,18,38,251818,96,0,1,0,31
0.6,0,1,1,0,2,6,2,2,3,189,29,13,33,251818,96,0,1,2,25
0.3,1,0,0,0,0,24,2,3,3,246,25,16,41,251818,96,0,1,0,23
0.9,1,1,1,0,1,15,2,3,3,291,31,12,40,251818,96,0,1,1,25
0.4,1,0,0,1,0,30,2,4,3,157,27,6,29,251818,96,0,1,0,22
0.3,1,0,0,0,0,24,2,6,3,246,25,16,41,251818,96,0,1,0,23
0,0,0,0,0,0,34,3,3,4,118,10,10,37,244387,98,0,1,0,28
0.3,1,0,0,0,0,24,3,4,4,246,25,16,41,244387,98,0,1,0,23
0.3,1,0,0,0,0,24,3,6,4,246,25,16,41,244387,98,0,1,0,23
0.7,1,0,1,0,0,20,3,6,4,260,50,11,36,244387,98,0,1,4,23
0.3,1,0,0,0,0,3,3,2,4,179,51,18,38,244387,98,0,1,0,31
0.6,0,1,1,0,1,1,3,2,4,235,11,14,37,244387,98,0,3,1,29
0.5,0,0,1,1,0,17,3,3,4,179,22,17,40,244387,98,0,2,2,22
0.7,0,1,1,1,4,23,3,3,4,378,49,11,36,244387,98,0,1,2,21
0.9,1,1,1,0,4,10,3,4,4,361,52,3,28,244387,98,0,1,1,27
0.7,1,0,1,0,0,13,3,4,4,369,17,12,31,244387,98,1,1,3,25
0.6,0,1,1,0,1,1,3,5,4,235,11,14,37,244387,98,0,3,1,29
0.7,1,0,1,0,0,36,3,6,4,118,13,18,50,244387,98,0,1,1,31
0.7,1,0,1,0,0,36,3,3,4,118,13,18,50,244387,98,0,1,1,31
0.7,1,0,1,0,0,36,3,4,4,118,13,18,50,244387,98,0,1,1,31
0.6,0,1,1,0,1,1,3,5,4,235,11,14,37,244387,98,1,3,1,29
0.3,1,0,0,0,0,24,3,5,4,246,25,16,41,244387,98,1,1,0,23
0.7,1,0,1,0,0,36,3,5,4,118,13,18,50,244387,98,1,1,1,31
0.3,1,0,0,0,0,3,3,6,4,179,51,18,38,244387,98,0,1,0,31
0.9,1,1,1,0,1,11,3,6,4,289,36,13,33,244387,98,0,1,2,30
0.7,1,0,1,0,0,20,3,2,4,260,50,11,36,244387,98,0,1,4,23
0.3,1,0,0,0,0,24,3,3,4,246,25,16,41,244387,98,0,1,0,23
0.3,1,0,0,0,0,3,4,4,4,179,51,18,38,239409,98,0,1,0,31
0.7,1,0,1,0,0,20,4,6,4,260,50,11,36,239409,98,0,1,4,23
0,0,0,0,0,0,18,4,6,4,330,16,4,28,239409,98,0,2,0,25
0.7,1,0,1,0,0,13,4,2,4,369,17,12,31,239409,98,0,1,3,25
0.6,0,1,1,0,1,33,4,2,4,248,25,14,47,239409,98,0,1,2,32
0,0,0,0,0,0,18,4,4,4,330,16,4,28,239409,98,0,2,0,25
0.7,1,0,1,0,0,36,4,2,4,118,13,18,50,239409,98,0,1,1,31
0.7,1,0,1,0,0,36,4,4,4,118,13,18,50,239409,98,0,1,1,31
1,1,1,1,1,1,26,4,6,4,300,26,13,43,239409,98,0,1,2,25
0.3,1,0,0,0,0,3,4,2,4,179,51,18,38,239409,98,0,1,0,31
0,0,0,0,0,0,34,4,4,4,118,10,10,37,239409,98,0,1,0,28
0.7,1,0,1,0,0,5,5,2,4,235,20,13,43,246074,99,0,1,1,38
0.6,0,1,1,0,1,33,5,4,4,248,25,14,47,246074,99,0,1,2,32
0.7,1,0,1,0,0,13,5,2,4,369,17,12,31,246074,99,0,1,3,25
0,0,0,0,0,0,22,5,4,4,179,26,9,30,246074,99,0,3,0,19
0.3,1,0,0,0,0,3,5,4,4,179,51,18,38,246074,99,0,1,0,31
0.9,1,1,1,0,4,10,5,5,4,361,52,3,28,246074,99,0,1,1,27
0.7,1,0,1,0,0,20,5,6,4,260,50,11,36,246074,99,0,1,4,23
0.5,0,0,1,1,0,17,5,2,4,179,22,17,40,246074,99,0,2,2,22
0.5,0,0,1,1,0,17,5,2,4,179,22,17,40,246074,99,0,2,2,22
0.6,0,1,1,0,1,9,5,4,4,228,14,16,58,246074,99,0,1,2,22
0.6,0,1,1,0,2,28,5,4,4,225,26,9,28,246074,99,0,1,1,24
0,0,0,0,0,0,18,5,6,4,330,16,4,28,246074,99,0,2,0,25
0,0,0,0,0,0,22,5,2,4,179,26,9,30,246074,99,0,3,0,19
0,0,0,0,0,0,34,5,2,4,118,10,10,37,246074,99,0,1,0,28
0.6,0,1,1,0,1,1,5,2,4,235,11,14,37,246074,99,0,3,1,29
0,0,0,0,0,0,34,6,2,1,118,10,10,37,253957,95,0,1,0,28
0.3,1,0,0,0,0,3,6,2,1,179,51,18,38,253957,95,0,1,0,31
0,0,0,0,0,0,34,6,3,1,118,10,10,37,253957,95,0,1,0,28
0.6,0,1,1,0,2,28,6,5,1,225,26,9,28,253957,95,0,1,1,24
0.7,1,0,1,0,0,20,6,6,1,260,50,11,36,253957,95,0,1,4,23
0.3,1,0,0,0,0,3,6,6,1,179,51,18,38,253957,95,1,1,0,31
0.9,1,1,1,0,1,15,6,2,1,291,31,12,40,253957,95,0,1,1,25
0.3,1,0,0,0,0,24,6,3,1,246,25,16,41,253957,95,0,1,0,23
0.7,1,0,1,0,0,5,6,3,1,235,20,13,43,253957,95,0,1,1,38
0.6,0,1,1,0,2,28,6,4,1,225,26,9,28,253957,95,0,1,1,24
0.7,1,0,1,0,0,36,6,4,1,118,13,18,50,253957,95,0,1,1,31
0.3,1,0,0,0,0,3,6,4,1,179,51,18,38,253957,95,0,1,0,31
0,0,0,0,0,0,22,6,4,1,179,26,9,30,253957,95,0,3,0,19
0.3,1,0,0,0,0,24,6,6,1,246,25,16,41,253957,95,0,1,0,23
0,0,0,0,0,0,18,6,3,1,330,16,4,28,253957,95,0,2,0,25
0.6,0,1,1,0,1,1,6,3,1,235,11,14,37,253957,95,0,3,1,29
0,0,0,0,0,0,22,7,5,1,179,26,9,30,230290,92,0,3,0,19
0.6,0,1,1,0,2,28,7,5,1,225,26,9,28,230290,92,0,1,1,24
0.7,1,0,1,0,0,20,7,6,1,260,50,11,36,230290,92,0,1,4,23
0,0,0,0,0,0,21,7,2,1,268,11,8,33,230290,92,0,2,0,25
0,0,0,0,0,0,18,7,6,1,330,16,4,28,230290,92,0,2,0,25
0,0,0,0,0,0,34,7,6,1,118,10,10,37,230290,92,0,1,0,28
0.7,1,0,1,0,0,20,7,2,1,260,50,11,36,230290,92,0,1,4,23
0,0,0,0,0,0,34,7,3,1,118,10,10,37,230290,92,0,1,0,28
1,1,1,1,1,1,26,7,2,1,300,26,13,43,230290,92,0,1,2,25
0.7,0,1,1,1,5,2,7,2,1,235,29,12,48,230290,92,0,1,1,33
0.3,1,0,0,0,0,24,7,3,1,246,25,16,41,230290,92,0,1,0,23
0.6,0,1,1,0,2,28,7,3,1,225,26,9,28,230290,92,0,1,1,24
0.3,1,0,0,0,0,3,7,3,1,179,51,18,38,230290,92,0,1,0,31
0.7,1,0,1,0,0,36,7,6,1,118,13,18,50,230290,92,0,1,1,31
0.9,1,1,1,0,4,10,7,6,1,361,52,3,28,230290,92,0,1,1,27
0.9,1,1,1,0,1,11,7,2,1,289,36,13,33,230290,92,0,1,2,30
0.7,1,0,1,0,0,5,7,2,1,235,20,13,43,230290,92,0,1,1,38
0.9,1,1,1,0,1,15,7,5,1,291,31,12,40,230290,92,0,1,1,25
0.8,1,0,1,1,0,7,7,5,1,279,5,14,39,230290,92,0,1,2,24
0.3,1,0,0,0,0,3,8,5,1,179,51,18,38,249797,93,0,1,0,31
0.5,0,0,1,1,0,17,8,2,1,179,22,17,40,249797,93,0,2,2,22
0.3,1,0,0,0,0,24,8,3,1,246,25,16,41,249797,93,0,1,0,23
0,0,0,0,0,0,34,8,3,1,118,10,10,37,249797,93,0,1,0,28
0.9,1,1,1,0,1,11,8,3,1,289,36,13,33,249797,93,0,1,2,30
0.7,1,0,1,0,0,5,8,3,1,235,20,13,43,249797,93,0,1,1,38
0.9,1,1,1,0,1,15,8,5,1,291,31,12,40,249797,93,0,1,1,25
0.3,1,0,0,0,0,3,8,2,1,179,51,18,38,249797,93,0,1,0,31
0.5,0,0,1,1,0,17,8,3,1,179,22,17,40,249797,93,0,2,2,22
0,0,0,0,0,0,18,8,5,1,330,16,4,28,249797,93,0,2,0,25
0.6,0,1,1,0,1,1,8,3,1,235,11,14,37,249797,93,0,3,1,29
0.7,1,0,1,0,0,20,8,2,1,260,50,11,36,249797,93,0,1,4,23
0.3,1,0,0,0,0,24,9,3,2,246,25,16,41,261756,87,0,1,0,23
0,0,0,0,0,0,34,9,3,2,118,10,10,37,261756,87,0,1,0,28
0.7,1,0,1,0,0,14,9,3,2,155,12,14,34,261756,87,0,1,2,25
0.9,1,1,1,0,1,15,9,5,2,291,31,12,40,261756,87,0,1,1,25
0,0,0,0,0,0,22,9,6,2,179,26,9,30,261756,87,0,3,0,19
0.6,0,1,1,0,1,33,9,6,2,248,25,14,47,261756,87,0,1,2,32
0.3,1,0,0,0,0,3,9,2,2,179,51,18,38,261756,87,0,1,0,31
0.6,0,1,1,0,2,28,9,4,2,225,26,9,28,261756,87,0,1,1,24
0,0,0,0,0,0,22,9,2,2,179,26,9,30,261756,87,0,3,0,19
0.7,1,0,1,0,0,13,9,3,2,369,17,12,31,261756,87,0,1,3,25
0.9,1,1,1,0,4,10,9,3,2,361,52,3,28,261756,87,0,1,1,27
0.2,0,1,0,0,2,32,10,5,2,289,48,29,49,284853,91,0,1,0,36
0,0,0,0,0,0,25,10,5,2,235,16,8,32,284853,91,0,3,0,25
0.3,1,0,0,0,0,24,10,6,2,246,25,16,41,284853,91,0,1,0,23
0.2,0,1,0,0,2,32,10,4,2,289,48,29,49,284853,91,0,1,0,36
0.9,1,1,1,0,1,15,10,4,2,291,31,12,40,284853,91,0,1,1,25
0,0,0,0,0,0,34,10,3,2,118,10,10,37,284853,91,0,1,0,28
0.2,0,1,0,0,2,32,10,5,2,289,48,29,49,284853,91,0,1,0,36
0.9,1,1,1,0,1,15,10,6,2,291,31,12,40,284853,91,0,1,1,25
0.6,0,1,1,0,2,28,10,3,2,225,26,9,28,284853,91,0,1,1,24
0.7,1,0,1,0,0,13,10,3,2,369,17,12,31,284853,91,0,1,3,25
0.7,1,0,1,0,0,13,10,3,2,369,17,12,31,284853,91,0,1,3,25
0.3,1,0,0,0,0,3,10,4,2,179,51,18,38,284853,91,0,1,0,31
0.6,0,1,1,0,1,9,10,4,2,228,14,16,58,284853,91,0,1,2,22
0.9,1,1,1,0,1,15,10,4,2,291,31,12,40,284853,91,0,1,1,25
0.7,1,0,1,0,0,13,10,5,2,369,17,12,31,284853,91,0,1,3,25
0.6,0,1,1,0,2,28,10,5,2,225,26,9,28,284853,91,0,1,1,24
0.7,1,0,1,0,0,13,10,6,2,369,17,12,31,284853,91,0,1,3,25
0.6,0,1,1,0,2,28,10,6,2,225,26,9,28,284853,91,0,1,1,24
0.6,0,1,1,0,2,6,10,2,2,189,29,13,33,284853,91,0,1,2,25
0,0,0,0,0,0,25,10,2,2,235,16,8,32,284853,91,0,3,0,25
0.6,0,1,1,0,1,33,10,2,2,248,25,14,47,284853,91,0,1,2,32
0.6,0,1,1,0,2,28,10,2,2,225,26,9,28,284853,91,1,1,1,24
0.6,0,1,1,0,2,28,10,3,2,225,26,9,28,284853,91,0,1,1,24
0.3,1,0,0,0,0,3,11,3,2,179,51,18,38,268519,93,0,1,0,31
0,0,0,0,0,0,34,11,4,2,118,10,10,37,268519,93,0,1,0,28
0,0,0,0,0,0,18,11,4,2,330,16,4,28,268519,93,0,2,0,25
0.3,1,0,0,0,0,3,11,6,2,179,51,18,38,268519,93,0,1,0,31
0,0,0,0,0,0,34,11,3,2,118,10,10,37,268519,93,0,1,0,28
0.9,1,1,1,0,1,11,11,4,2,289,36,13,33,268519,93,0,1,2,30
0,0,0,0,0,0,25,11,6,2,235,16,8,32,268519,93,0,3,0,25
0.6,0,1,1,0,2,28,11,6,2,225,26,9,28,268519,93,0,1,1,24
0.9,1,1,1,0,4,10,11,3,2,361,52,3,28,268519,93,0,1,1,27
0.9,1,1,1,0,1,15,11,4,2,291,31,12,40,268519,93,0,1,1,25
0,0,0,0,0,0,34,11,5,2,118,10,10,37,268519,93,0,1,0,28
0.6,0,1,1,0,2,28,11,5,2,225,26,9,28,268519,93,0,1,1,24
0.3,1,0,0,0,0,3,11,2,2,179,51,18,38,268519,93,0,1,0,31
0,0,0,0,0,0,34,11,2,2,118,10,10,37,268519,93,0,1,0,28
0,0,0,0,0,0,34,11,3,2,118,10,10,37,268519,93,0,1,0,28
0.6,0,1,1,0,2,28,11,3,2,225,26,9,28,268519,93,0,1,1,24
0.9,1,1,1,0,1,15,11,3,2,291,31,12,40,268519,93,1,1,1,25
0.9,1,1,1,0,1,11,11,4,2,289,36,13,33,268519,93,1,1,2,30
0.6,0,1,1,0,1,33,11,5,2,248,25,14,47,268519,93,0,1,2,32
0.7,1,0,1,0,0,5,11,5,2,235,20,13,43,268519,93,1,1,1,38
0.7,1,0,1,0,0,13,11,6,2,369,17,12,31,268519,93,0,1,3,25
0.9,1,1,1,0,4,10,11,2,2,361,52,3,28,268519,93,0,1,1,27
0.3,1,0,0,0,0,3,12,3,3,179,51,18,38,280549,98,0,1,0,31
0.9,1,1,1,0,1,15,12,4,3,291,31,12,40,280549,98,0,1,1,25
0.6,0,1,1,0,2,28,12,4,3,225,26,9,28,280549,98,0,1,1,24
0,0,0,0,0,0,22,12,6,3,179,26,9,30,280549,98,0,3,0,19
0.6,0,1,1,0,2,28,12,6,3,225,26,9,28,280549,98,0,1,1,24
0.9,1,1,1,0,4,10,12,5,3,361,52,3,28,280549,98,0,1,1,27
0.5,0,0,1,1,0,17,12,6,3,179,22,17,40,280549,98,0,2,2,22
0.7,1,0,1,0,0,5,12,6,3,235,20,13,43,280549,98,0,1,1,38
0.9,1,1,1,0,8,12,12,2,3,233,51,1,31,280549,98,0,2,1,21
0,0,0,0,0,0,22,12,3,3,179,26,9,30,280549,98,0,3,0,19
0.6,0,1,1,0,2,28,12,3,3,225,26,9,28,280549,98,0,1,1,24
0.6,0,1,1,0,2,28,12,5,3,225,26,9,28,280549,98,0,1,1,24
0.6,0,1,1,0,2,28,12,2,3,225,26,9,28,280549,98,0,1,1,24
0.7,1,0,1,0,0,14,12,3,3,155,12,14,34,280549,98,0,1,2,25
0,0,0,0,0,0,22,1,2,3,179,26,9,30,313532,96,0,3,0,19
0,0,0,0,0,0,22,1,5,3,179,26,9,30,313532,96,0,3,0,19
0.5,0,0,1,1,0,17,1,5,3,179,22,17,40,313532,96,0,2,2,22
0.5,0,0,1,1,0,17,1,6,3,179,22,17,40,313532,96,0,2,2,22
0,0,0,0,0,0,22,1,2,3,179,26,9,30,313532,96,0,3,0,19
0.5,0,0,1,1,0,17,1,4,3,179,22,17,40,313532,96,0,2,2,22
0.2,0,1,0,0,2,32,1,5,3,289,48,29,49,313532,96,0,1,0,36
0.5,0,0,1,1,0,17,1,6,3,179,22,17,40,313532,96,0,2,2,22
0,0,0,0,0,0,22,1,2,3,179,26,9,30,313532,96,0,3,0,19
0.7,1,0,1,0,0,14,1,3,3,155,12,14,34,313532,96,0,1,2,25
0,0,0,0,0,0,22,1,4,3,179,26,9,30,313532,96,0,3,0,19
0.3,1,0,0,0,0,3,1,4,3,179,51,18,38,313532,96,0,1,0,31
0.9,1,1,1,0,1,11,1,4,3,289,36,13,33,313532,96,0,1,2,30
0.3,1,0,0,0,0,3,1,5,3,179,51,18,38,313532,96,0,1,0,31
0.3,1,0,0,0,0,3,1,6,3,179,51,18,38,313532,96,0,1,0,31
0.3,1,0,0,0,0,3,2,3,3,179,51,18,38,264249,97,0,1,0,31
0.6,0,1,1,0,2,28,2,3,3,225,26,9,28,264249,97,0,1,1,24
0.6,0,1,1,0,1,33,2,4,3,248,25,14,47,264249,97,0,1,2,32
0.3,1,0,0,0,0,3,2,4,3,179,51,18,38,264249,97,0,1,0,31
0.6,0,1,1,0,2,28,2,5,3,225,26,9,28,264249,97,0,1,1,24
0.3,1,0,0,0,0,3,2,5,3,179,51,18,38,264249,97,0,1,0,31
0,0,0,0,0,0,22,2,5,3,179,26,9,30,264249,97,0,3,0,19
0.9,1,1,1,0,2,29,2,6,3,225,15,15,41,264249,97,0,4,2,28
0.3,1,0,0,0,0,3,2,6,3,179,51,18,38,264249,97,0,1,0,31
0.9,1,1,1,0,8,12,2,2,3,233,51,1,31,264249,97,0,2,1,21
0.3,1,0,0,0,0,3,2,2,3,179,51,18,38,264249,97,0,1,0,31
0.6,0,1,1,0,2,28,2,3,3,225,26,9,28,264249,97,0,1,1,24
0.6,0,1,1,0,2,28,2,5,3,225,26,9,28,264249,97,0,1,1,24
0,0,0,0,0,0,22,2,5,3,179,26,9,30,264249,97,0,3,0,19
0.5,0,0,1,1,0,17,2,6,3,179,22,17,40,264249,97,0,2,2,22
0.9,1,1,1,0,8,12,2,4,3,233,51,1,31,264249,97,0,2,1,21
0,0,0,0,0,0,22,2,4,3,179,26,9,30,264249,97,0,3,0,19
0.3,1,0,0,0,0,3,2,5,3,179,51,18,38,264249,97,0,1,0,31
0.7,1,0,1,0,0,14,2,2,3,155,12,14,34,264249,97,0,1,2,25
0,0,0,0,0,0,25,2,2,3,235,16,8,32,264249,97,0,3,0,25
0.6,0,1,1,0,2,28,2,2,3,225,26,9,28,264249,97,0,1,1,24
0.3,1,0,0,0,0,3,2,3,3,179,51,18,38,264249,97,0,1,0,31
0.6,0,1,1,0,1,33,2,3,3,248,25,14,47,264249,97,0,1,2,32
0.6,0,1,1,0,2,28,2,3,3,225,26,9,28,264249,97,0,1,1,24
0,0,0,0,0,0,25,2,6,3,235,16,8,32,264249,97,0,3,0,25
0.3,1,0,0,0,0,3,3,2,4,179,51,18,38,222196,99,0,1,0,31
0.6,0,1,1,0,1,33,3,2,4,248,25,14,47,222196,99,0,1,2,32
0.6,0,1,1,0,1,9,3,3,4,228,14,16,58,222196,99,0,1,2,22
0.6,0,1,1,0,1,33,3,3,4,248,25,14,47,222196,99,0,1,2,32
0.6,0,1,1,0,1,9,3,3,4,228,14,16,58,222196,99,0,1,2,22
0.3,1,0,0,0,0,3,3,4,4,179,51,18,38,222196,99,0,1,0,31
0.6,0,1,1,0,2,28,3,5,4,225,26,9,28,222196,99,0,1,1,24
0.3,1,0,0,0,0,3,3,5,4,179,51,18,38,222196,99,0,1,0,31
0.6,0,1,1,0,2,28,3,5,4,225,26,9,28,222196,99,0,1,1,24
0,0,0,0,0,0,22,3,6,4,179,26,9,30,222196,99,0,3,0,19
0,0,0,0,0,0,25,3,2,4,235,16,8,32,222196,99,0,3,0,25
0.9,1,1,1,0,4,10,3,2,4,361,52,3,28,222196,99,0,1,1,27
0.3,1,0,0,0,0,3,3,3,4,179,51,18,38,222196,99,0,1,0,31
0.3,1,0,0,0,0,3,3,2,4,179,51,18,38,222196,99,0,1,0,31
0.6,0,1,1,0,1,33,3,2,4,248,25,14,47,222196,99,0,1,2,32
0.6,0,1,1,0,2,28,3,2,4,225,26,9,28,222196,99,0,1,1,24
0.3,1,0,0,0,0,3,3,3,4,179,51,18,38,222196,99,0,1,0,31
0.9,1,1,1,0,1,11,3,4,4,289,36,13,33,222196,99,0,1,2,30
0.6,0,1,1,0,1,9,3,4,4,228,14,16,58,222196,99,0,1,2,22
0.6,0,1,1,0,1,33,3,5,4,248,25,14,47,222196,99,0,1,2,32
0,0,0,0,0,0,22,3,6,4,179,26,9,30,222196,99,0,3,0,19
0.3,1,0,0,0,0,3,3,6,4,179,51,18,38,222196,99,0,1,0,31
0.8,1,0,1,1,0,16,3,4,4,118,15,24,46,222196,99,0,1,2,25
0.7,1,0,1,0,0,14,3,4,4,155,12,14,34,222196,99,0,1,2,25
0,0,0,0,0,0,22,3,2,4,179,26,9,30,222196,99,0,3,0,19
0.9,1,1,1,0,1,11,3,2,4,289,36,13,33,222196,99,0,1,2,30
0.7,1,0,1,0,0,13,3,4,4,369,17,12,31,222196,99,0,1,3,25
0.6,0,1,1,0,2,28,4,2,4,225,26,9,28,246288,91,0,1,1,24
0,0,0,0,0,0,34,4,2,4,118,10,10,37,246288,91,0,1,0,28
0.9,1,1,1,0,4,10,4,3,4,361,52,3,28,246288,91,0,1,1,27
0.6,0,1,1,0,1,33,4,4,4,248,25,14,47,246288,91,0,1,2,32
0.6,0,1,1,0,2,6,4,5,4,189,29,13,33,246288,91,0,1,2,25
0,0,0,0,0,0,22,4,6,4,179,26,9,30,246288,91,0,3,0,19
0.7,1,0,1,0,0,13,4,2,4,369,17,12,31,246288,91,0,1,3,25
0.5,0,0,1,1,0,17,4,3,4,179,22,17,40,246288,91,0,2,2,22
0.7,1,0,1,0,0,36,4,3,4,118,13,18,50,246288,91,0,1,1,31
0.9,1,1,1,0,4,10,4,3,4,361,52,3,28,246288,91,0,1,1,27
0,0,0,0,0,0,34,4,4,4,118,10,10,37,246288,91,0,1,0,28
0.6,0,1,1,0,1,1,4,6,4,235,11,14,37,246288,91,0,3,1,29
0.6,0,1,1,0,2,28,4,2,4,225,26,9,28,246288,91,0,1,1,24
0,0,0,0,0,0,25,4,3,4,235,16,8,32,246288,91,0,3,0,25
0.7,1,0,1,0,0,14,4,3,4,155,12,14,34,246288,91,0,1,2,25
0.6,0,1,1,0,2,28,4,5,4,225,26,9,28,246288,91,0,1,1,24
0.7,1,0,1,0,0,36,4,5,4,118,13,18,50,246288,91,0,1,1,31
0.6,0,1,1,0,1,1,5,2,4,235,11,14,37,237656,99,0,3,1,29
0.9,1,1,1,0,2,29,5,4,4,225,15,15,41,237656,99,0,4,2,28
0,0,0,0,0,0,25,5,4,4,235,16,8,32,237656,99,0,3,0,25
0,0,0,0,0,0,34,5,4,4,118,10,10,37,237656,99,0,1,0,28
0.7,1,0,1,0,0,5,5,4,4,235,20,13,43,237656,99,0,1,1,38
0,0,0,0,0,0,22,5,5,4,179,26,9,30,237656,99,0,3,0,19
0.9,1,1,1,0,1,15,5,5,4,291,31,12,40,237656,99,0,1,1,25
0.9,1,1,1,0,2,29,5,5,4,225,15,15,41,237656,99,0,4,2,28
1,1,1,1,1,1,26,5,6,4,300,26,13,43,237656,99,0,1,2,25
0.9,1,1,1,0,2,29,5,6,4,225,15,15,41,237656,99,0,4,2,28
0,0,0,0,0,0,22,5,6,4,179,26,9,30,237656,99,0,3,0,19
0.7,1,0,1,0,0,36,5,2,4,118,13,18,50,237656,99,0,1,1,31
0.7,1,0,1,0,0,36,5,3,4,118,13,18,50,237656,99,0,1,1,31
0,0,0,0,0,0,34,5,3,4,118,10,10,37,237656,99,0,1,0,28
0.7,1,0,1,0,0,36,5,3,4,118,13,18,50,237656,99,1,1,1,31
0,0,0,0,0,0,22,5,4,4,179,26,9,30,237656,99,0,3,0,19
0.7,0,1,1,1,4,23,5,4,4,378,49,11,36,237656,99,1,1,2,21
0.5,0,0,1,1,0,17,5,6,4,179,22,17,40,237656,99,0,2,2,22
0.7,1,0,1,0,0,14,5,2,4,155,12,14,34,237656,99,0,1,2,25
0,0,0,0,0,0,25,5,2,4,235,16,8,32,237656,99,0,3,0,25
0.9,1,1,1,0,1,15,5,4,4,291,31,12,40,237656,99,0,1,1,25
0.5,0,0,1,1,0,17,5,4,4,179,22,17,40,237656,99,0,2,2,22
0.6,0,1,1,0,2,28,5,4,4,225,26,9,28,237656,99,0,1,1,24
0,0,0,0,0,0,18,5,5,4,330,16,4,28,237656,99,0,2,0,25
0,0,0,0,0,0,25,5,5,4,235,16,8,32,237656,99,0,3,0,25
0.9,1,1,1,0,4,10,5,2,4,361,52,3,28,237656,99,0,1,1,27
0.7,1,0,1,0,0,14,5,4,4,155,12,14,34,237656,99,0,1,2,25
0.5,0,0,1,1,0,17,5,6,4,179,22,17,40,237656,99,0,2,2,22
0.7,1,0,1,0,0,14,5,6,4,155,12,14,34,237656,99,0,1,2,25
0.6,0,1,1,0,2,28,5,2,4,225,26,9,28,237656,99,0,1,1,24
0.8,1,0,1,1,0,16,6,4,1,118,15,24,46,275089,96,0,1,2,25
0,0,0,0,0,0,22,6,4,1,179,26,9,30,275089,96,0,3,0,19
0,0,0,0,0,0,34,6,6,1,118,10,10,37,275089,96,0,1,0,28
0,0,0,0,0,0,34,6,4,1,118,10,10,37,275089,96,0,1,0,28
0.7,0,1,1,1,4,23,6,5,1,378,49,11,36,275089,96,0,1,2,21
0.7,1,0,1,0,0,36,6,5,1,118,13,18,50,275089,96,0,1,1,31
0.9,1,1,1,0,8,12,6,6,1,233,51,1,31,275089,96,0,2,1,21
0,0,0,0,0,0,22,6,6,1,179,26,9,30,275089,96,0,3,0,19
0.7,0,1,1,1,5,2,6,2,1,235,29,12,48,275089,96,1,1,1,33
0,0,0,0,0,0,21,6,2,1,268,11,8,33,275089,96,1,2,0,25
0,0,0,0,0,0,22,6,5,1,179,26,9,30,275089,96,0,3,0,19
0.9,1,1,1,0,1,15,6,5,1,291,31,12,40,275089,96,0,1,1,25
0,0,0,0,0,0,22,6,2,1,179,26,9,30,275089,96,0,3,0,19
0,0,0,0,0,0,34,6,2,1,118,10,10,37,275089,96,0,1,0,28
0.9,1,1,1,0,8,12,6,5,1,233,51,1,31,275089,96,0,2,1,21
0,0,0,0,0,0,34,6,6,1,118,10,10,37,275089,96,0,1,0,28
0.9,1,1,1,0,8,12,6,4,1,233,51,1,31,275089,96,0,2,1,21
0.7,1,0,1,0,0,5,7,4,1,235,20,13,43,264604,93,0,1,1,38
0.9,1,1,1,0,8,12,7,6,1,233,51,1,31,264604,93,0,2,1,21
0.6,0,1,1,0,1,9,7,2,1,228,14,16,58,264604,93,0,1,2,22
0,0,0,0,0,0,34,7,2,1,118,10,10,37,264604,93,0,1,0,28
0.6,0,1,1,0,1,9,7,3,1,228,14,16,58,264604,93,0,1,2,22
0.6,0,1,1,0,2,6,7,3,1,189,29,13,33,264604,93,0,1,2,25
0,0,0,0,0,0,34,7,4,1,118,10,10,37,264604,93,0,1,0,28
0.9,1,1,1,0,4,10,7,4,1,361,52,3,28,264604,93,0,1,1,27
0.6,0,1,1,0,2,28,7,4,1,225,26,9,28,264604,93,0,1,1,24
0.7,1,0,1,0,0,13,7,2,1,369,17,12,31,264604,93,0,1,3,25
0.9,1,1,1,0,1,11,7,3,1,289,36,13,33,264604,93,0,1,2,30
0.6,0,1,1,0,1,1,7,3,1,235,11,14,37,264604,93,0,3,1,29
